id,name
5295,centaur_khan_war_stomp
5200,necronomicon_warrior_last_will
5147,enigma_demonic_conversion
5171,beastmaster_boar_poison
5028,juggernaut_blade_fury
5139,witch_doctor_voodoo_restoration
5016,bloodseeker_blood_bath
5351,backdoor_protection_in_base
5283,broodmother_spawn_spiderite
5353,spirit_breaker_charge_of_darkness
5427,chaos_knight_reality_rift
5043,lina_laguna_blade
5144,riki_backstab
5318,forest_troll_high_priest_heal
5164,warlock_upheaval
5304,ogre_magi_frost_armor
5002,stats
5233,dazzle_poison_touch
5199,templar_assassin_self_trap
5378,silencer_glaives_of_wisdom
5165,warlock_rain_of_chaos
5096,sven_warcry
5195,templar_assassin_meld
5270,enchantress_impetus
5024,earthshaker_enchant_totem
5414,lone_druid_synergy
5387,invoker_forge_spirit
5429,chaos_knight_phantasm
5317,satyr_hellcaller_unholy_aura
5080,shadow_shaman_shackles
5440,ogre_magi_bloodlust
5424,shadow_demon_shadow_poison_release
5325,blue_dragonspawn_sorcerer_evasion
5003,antimage_mana_break
5354,spirit_breaker_empowering_haste
5316,satyr_hellcaller_shockwave
5055,morphling_morph_agi
5288,bounty_hunter_track
5015,bloodseeker_bloodrage
5392,obsidian_destroyer_astral_imprisonment
5136,lich_dark_ritual
5005,antimage_spell_shield
5269,enchantress_natures_attendants
5281,broodmother_incapacitating_bite
5447,undying_flesh_golem
5413,lone_druid_rabid
5114,slardar_sprint
5104,sandking_caustic_finale
5063,nevermore_dark_lord
5500,lycan_summon_wolves_invisibility
5252,life_stealer_infest
5397,lycan_feral_impulse
5358,ursa_overpower
5313,enraged_wildkin_toughness_aura
5074,pudge_flesh_heap
5140,witch_doctor_maledict
5125,vengefulspirit_nether_swap
5290,weaver_shukuchi
5289,weaver_the_swarm
5365,alchemist_acid_spray
5190,phantom_assassin_stifling_dagger
5105,sandking_epicenter
5310,tornado_tempest
5299,jakiro_liquid_fire
5331,chen_hand_of_god
5323,batrider_flaming_lasso
5416,lone_druid_true_form
5356,spirit_breaker_nether_strike
5337,spectre_haunt
5369,alchemist_chemical_rage
5379,silencer_last_word
5153,tinker_rearm
5239,rattletrap_rocket_flare
5266,omniknight_guardian_angel
5242,leshrac_diabolic_edict
5107,tiny_toss
5083,razor_static_link
5389,invoker_ice_wall
5401,brewmaster_drunken_haze
5321,batrider_flamebreak
5256,dark_seer_ion_shell
5175,queenofpain_scream_of_pain
5192,phantom_assassin_blur
5067,phantom_lancer_juxtapose
5120,tidehunter_anchor_smash
5008,axe_battle_hunger
5189,pugna_life_drain
5322,batrider_firefly
5177,beastmaster_primal_roar
5081,shadow_shaman_mass_serpent_ward
5435,treant_leech_seed
5330,chen_holy_persuasion
5210,courier_burst
5222,luna_lucent_beam
5058,morphling_morph_replicate
5179,venomancer_poison_sting
5214,roshan_bash
5152,tinker_march_of_the_machines
5420,lone_druid_spirit_bear_demolish
5050,mirana_leap
5410,brewmaster_storm_wind_walk
5089,skeleton_king_reincarnation
5169,beastmaster_call_of_the_wild
5145,riki_permanent_invisibility
5209,courier_shield
5260,clinkz_searing_arrows
5069,puck_illusory_orb
5388,forged_spirit_melting_strike
5221,viper_viper_strike
5248,furion_wrath_of_nature
5377,silencer_curse_of_the_silent
5134,lich_frost_nova
5342,doom_bringer_doom
5166,warlock_golem_flaming_fists
5370,invoker_quas
5375,invoker_invoke
5236,dazzle_weave
5492,courier_go_to_secretshop
5432,meepo_geostrike
5441,ogre_magi_multicast
5127,crystal_maiden_frostbite
5390,invoker_deafening_blast
5129,crystal_maiden_freezing_field
5041,lina_light_strike_array
5226,dragon_knight_breathe_fire
5023,earthshaker_fissure
5138,witch_doctor_paralyzing_cask
5294,centaur_khan_endurance_aura
5362,gyrocopter_homing_missile
5091,death_prophet_silence
5168,beastmaster_wild_axes
5341,doom_bringer_lvl_death
5173,queenofpain_shadow_strike
5106,tiny_avalanche
5372,invoker_exort
5417,lone_druid_true_form_battle_cry
5108,tiny_craggy_exterior
5006,antimage_mana_void
5142,riki_smoke_screen
5213,roshan_spell_block
5029,juggernaut_healing_ward
5349,ancient_apparition_ice_blast_release
5391,obsidian_destroyer_arcane_orb
5025,earthshaker_aftershock
5314,satyr_trickster_purge
5117,slardar_amplify_damage
5234,dazzle_shallow_grave
5109,tiny_grow
5425,shadow_demon_demonic_purge
5148,enigma_midnight_pulse
5436,treant_living_armor
5335,spectre_desolate
5292,weaver_time_lapse
5347,ancient_apparition_chilling_touch
5409,brewmaster_storm_cyclone
5123,vengefulspirit_command_aura
5279,broodmother_spawn_spiderlings
5013,bane_fiends_grip
5363,gyrocopter_flak_cannon
5156,sniper_take_aim
5095,sven_great_cleave
5093,death_prophet_exorcism
5048,mirana_arrow
5286,bounty_hunter_jinada
5076,pudge_rot
5329,chen_test_of_faith
5298,jakiro_ice_path
5312,enraged_wildkin_tornado
5187,pugna_decrepify
5306,dark_troll_warlord_raise_dead
5021,drow_ranger_trueshot
5124,vengefulspirit_wave_of_terror
5287,bounty_hunter_wind_walk
5064,nevermore_requiem
5206,courier_transfer_items
5218,viper_poison_attack
5411,brewmaster_fire_permanent_immolation
5366,alchemist_unstable_concoction
5443,undying_soul_rip
5217,roshan_devotion
5113,zuus_thundergods_wrath
5280,broodmother_spin_web
5297,jakiro_dual_breath
5223,luna_moon_glaive
5215,roshan_slam
5176,queenofpain_sonic_wave
5157,sniper_assassinate
5382,invoker_tornado
5305,dark_troll_warlord_ensnare
5207,courier_return_stash_items
5320,batrider_sticky_napalm
5346,ancient_apparition_ice_vortex
5130,windrunner_shackleshot
5045,lion_voodoo
5442,undying_decay
5151,tinker_heat_seeking_missile
5046,lion_mana_drain
5412,lone_druid_spirit_bear
5079,shadow_shaman_voodoo
5400,brewmaster_thunder_clap
5433,meepo_divided_we_stand
5333,big_thunder_lizard_frenzy
5225,luna_eclipse
5103,sandking_sand_storm
5307,giant_wolf_critical_strike
5408,brewmaster_storm_dispel_magic
5332,big_thunder_lizard_slam
5491,forest_troll_high_priest_mana_aura
5371,invoker_wex
5261,clinkz_wind_walk
5415,lone_druid_true_form
5446,undying_tombstone_zombie_deathstrike
5174,queenofpain_blink
5216,roshan_illusion_protection
5204,necronomicon_archer_aoe
5141,witch_doctor_death_ward
5267,enchantress_untouchable
5275,night_stalker_void
5184,faceless_void_time_lock
5183,faceless_void_backtrack
5302,polar_furbolg_ursa_warrior_thunder_clap
5116,slardar_bash
5264,omniknight_repel
5274,huskar_life_break
5355,spirit_breaker_greater_bash
5381,invoker_ghost_walk
5118,tidehunter_gush
5121,tidehunter_ravage
5395,lycan_summon_wolves
5019,drow_ranger_frost_arrows
5238,rattletrap_power_cogs
5328,chen_penitence
5088,skeleton_king_mortal_strike
5235,dazzle_shadow_wave
5155,sniper_headshot
5253,life_stealer_consume
5033,kunkka_x_marks_the_spot
5246,furion_teleportation
5402,brewmaster_drunken_brawler
5052,morphling_waveform
5057,morphling_replicate
5098,storm_spirit_static_remnant
5022,drow_ranger_marksmanship
5278,night_stalker_darkness
5131,windrunner_powershot
5180,venomancer_plague_ward
5386,invoker_sun_strike
5143,riki_blink_strike
5112,zuus_static_field
5075,pudge_meat_hook
5188,pugna_nether_ward
5437,treant_overgrowth
5111,zuus_lightning_bolt
5224,luna_lunar_blessing
5403,brewmaster_primal_split
5385,invoker_chaos_meteor
5438,ogre_magi_fireblast
5119,tidehunter_kraken_shell
5360,ursa_enrage
5137,lich_chain_frost
5085,razor_eye_of_the_storm
5359,ursa_fury_swipes
5030,juggernaut_omni_slash
5393,obsidian_destroyer_essence_aura
5163,warlock_shadow_word
5007,axe_berserkers_call
5258,dark_seer_wall_of_replica
5084,razor_unstable_current
5158,necrolyte_death_pulse
5161,necrolyte_reapers_scythe
5282,broodmother_insatiable_hunger
5196,templar_assassin_psi_blades
5186,pugna_nether_blast
5244,leshrac_pulse_nova
5340,doom_bringer_scorched_earth
5167,warlock_golem_permanent_immolation
5017,bloodseeker_thirst
5051,mirana_starfall
5220,viper_corrosive_skin
5035,kunkka_ghostship
5257,dark_seer_surge
5418,lone_druid_spirit_bear_return
5431,meepo_poof
5324,black_dragon_splash_attack
5237,rattletrap_battery_assault
5020,drow_ranger_silence
5062,nevermore_necromastery
5300,jakiro_macropyre
5419,lone_druid_spirit_bear_entangle
5434,treant_natures_guise
5352,beastmaster_greater_boar_poison
5150,tinker_laser
5262,clinkz_death_pact
5054,morphling_morph
5053,morphling_adaptive_strike
5049,mirana_invis
5146,enigma_malefice
5086,skeleton_king_hellfire_blast
5380,silencer_global_silence
5191,phantom_assassin_phantom_strike
5398,lycan_shapeshift
5194,templar_assassin_refraction
5162,warlock_fatal_bonds
5090,death_prophet_carrion_swarm
5047,lion_finger_of_death
5357,ursa_earthshock
5251,life_stealer_open_wounds
5326,blue_dragonspawn_overseer_evasion
5115,slardar_slithereen_crush
5082,razor_plasma_field
5099,storm_spirit_electric_vortex
5336,spectre_dispersion
5205,courier_return_to_base
5097,sven_gods_strength
5243,leshrac_lightning_storm
5249,life_stealer_rage
5338,spectre_reality
5004,antimage_blink
5154,sniper_shrapnel
5240,rattletrap_hookshot
5376,invoker_cold_snap
5126,crystal_maiden_crystal_nova
5018,bloodseeker_rupture
5032,kunkka_tidebringer
5384,invoker_alacrity
5271,huskar_inner_vitality
5009,axe_counter_helix
5334,spectre_spectral_dagger
5247,furion_force_of_nature
5404,brewmaster_earth_hurl_boulder
5368,alchemist_goblins_greed
5132,windrunner_windrun
5034,kunkka_return
5350,backdoor_protection
5228,dragon_knight_dragon_blood
5122,vengefulspirit_magic_missile
5065,phantom_lancer_spirit_lance
5059,nevermore_shadowraze1
5208,courier_take_stash_items
5060,nevermore_shadowraze2
5061,nevermore_shadowraze3
5291,weaver_geminate_attack
5309,alpha_wolf_command_aura
5348,ancient_apparition_ice_blast
5439,ogre_magi_ignite
5319,harpy_storm_chain_lightning
5265,omniknight_degen_aura
5268,enchantress_enchant
5241,leshrac_split_earth
5092,death_prophet_witchcraft
5219,viper_nethertoxin
5160,necrolyte_sadist
5193,phantom_assassin_coup_de_grace
5345,ancient_apparition_cold_feet
5073,puck_dream_coil
5181,venomancer_poison_nova
5426,chaos_knight_chaos_bolt
5339,doom_bringer_devour
5285,bounty_hunter_shuriken_toss
5327,blue_dragonspawn_overseer_devotion_aura
5026,earthshaker_echo_slam
5201,necronomicon_warrior_sight
5273,huskar_berserkers_blood
5197,templar_assassin_psionic_trap
5276,night_stalker_crippling_fear
5100,storm_spirit_overload
5367,alchemist_unstable_concoction_throw
5056,morphling_morph_str
5343,doom_bringer_empty
5344,doom_bringer_empty
5396,lycan_howl
5170,beastmaster_hawk_invisibility
5101,storm_spirit_ball_lightning
5263,omniknight_purification
5423,shadow_demon_shadow_poison
5229,dragon_knight_elder_dragon_form
5027,juggernaut_blade_dance
5421,shadow_demon_disruption
5178,venomancer_venomous_gale
5296,gnoll_assassin_envenomed_weapon
5308,alpha_wolf_critical_strike
5078,shadow_shaman_ether_shock
5277,night_stalker_hunter_in_the_night
5227,dragon_knight_dragon_tail
5364,gyrocopter_call_down
5172,beastmaster_inner_beast
5077,pudge_dismember
5133,windrunner_focusfire
5301,ghost_frost_attack
5011,bane_brain_sap
5159,necrolyte_heartstopper_aura
5428,chaos_knight_chaos_strike
5087,skeleton_king_vampiric_aura
5259,clinkz_strafe
5250,life_stealer_feast
5185,faceless_void_chronosphere
5044,lion_impale
5203,necronomicon_archer_mana_burn
5010,axe_culling_blade
5272,huskar_burning_spear
5406,brewmaster_earth_pulverize
5293,kobold_taskmaster_speed_aura
5405,brewmaster_earth_spell_immunity
5202,necronomicon_warrior_mana_burn
5245,furion_sprout
5374,invoker_empty2
5070,puck_ethereal_jaunt
5373,invoker_empty1
5031,kunkka_torrent
5066,phantom_lancer_doppelwalk
5444,undying_tombstone
5014,bane_nightmare
5110,zuus_arc_lightning
5445,undying_tombstone_zombie_aura
5128,crystal_maiden_brilliance_aura
5012,bane_enfeeble
5315,satyr_soulstealer_mana_burn
5361,gyrocopter_rocket_barrage
5232,dragon_knight_frost_breath
5383,invoker_emp
5422,shadow_demon_soul_catcher
5042,lina_fiery_soul
5040,lina_dragon_slave
5094,sven_storm_bolt
5284,broodmother_poison_sting
5430,meepo_earthbind
5068,phantom_lancer_phantom_edge
5072,puck_phase_shift
5182,faceless_void_time_walk
5071,puck_waning_rift
5135,lich_frost_armor
5102,sandking_burrowstrike
5255,dark_seer_vacuum
5394,obsidian_destroyer_sanity_eclipse
5149,enigma_black_hole
5399,lycan_summon_wolves_critical_strike
5001,default_attack
5198,templar_assassin_trap
5303,neutral_spell_immunity
5462,nyx_assassin_impale
5463,nyx_assassin_mana_burn
5464,nyx_assassin_spiked_carapace
5465,nyx_assassin_vendetta
5494,slark_dark_pact
5495,slark_pounce
5496,slark_essence_shift
5497,slark_shadow_dance
5504,medusa_split_shot
5505,medusa_mystic_snake
5506,medusa_mana_shield
5507,medusa_stone_gaze
5508,troll_warlord_berserkers_rage
5509,troll_warlord_whirling_axes_ranged
5510,troll_warlord_whirling_axes_melee
5511,troll_warlord_fervor
5512,troll_warlord_battle_trance
5514,centaur_hoof_stomp
5515,centaur_double_edge
5516,centaur_return
5517,centaur_stampede
5518,magnataur_shockwave
5519,magnataur_empower
5520,magnataur_skewer
5521,magnataur_reverse_polarity
5524,shredder_whirling_death
5525,shredder_timber_chain
5526,shredder_reactive_armor
5527,shredder_chakram
5528,shredder_return_chakram
5645,shredder_chakram_2
5646,shredder_return_chakram_2
5471,keeper_of_the_light_illuminate
5472,keeper_of_the_light_mana_leak
5473,keeper_of_the_light_chakra_magic
5474,keeper_of_the_light_spirit_form
5475,keeper_of_the_light_recall
5476,keeper_of_the_light_blinding_light
5477,keeper_of_the_light_illuminate_end
5479,keeper_of_the_light_spirit_form_illuminate
5503,keeper_of_the_light_spirit_form_illuminate_end
5448,rubick_telekinesis
5450,rubick_fade_bolt
5451,rubick_null_field
5452,rubick_spell_steal
5458,disruptor_thunder_strike
5459,disruptor_glimpse
5460,disruptor_kinetic_field
5461,disruptor_static_storm
5467,naga_siren_mirror_image
5468,naga_siren_ensnare
5469,naga_siren_rip_tide
5470,naga_siren_song_of_the_siren
5480,visage_grave_chill
5481,visage_soul_assumption
5482,visage_gravekeepers_cloak
5483,visage_summon_familiars
5485,wisp_tether
5486,wisp_spirits
5487,wisp_overcharge
5488,wisp_relocate
5489,wisp_tether_break
5490,wisp_spirits_in
5493,wisp_spirits_out
5548,bristleback_viscous_nasal_goo
5549,bristleback_quill_spray
5550,bristleback_bristleback
5551,bristleback_warpath
5565,tusk_ice_shards
5566,tusk_snowball
5567,tusk_frozen_sigil
5568,tusk_walrus_punch
5581,skywrath_mage_arcane_bolt
5582,skywrath_mage_concussive_shot
5583,skywrath_mage_ancient_seal
5584,skywrath_mage_mystic_flare
5585,abaddon_death_coil
5586,abaddon_aphotic_shield
5587,abaddon_frostmourne
5588,abaddon_borrowed_time
5589,elder_titan_echo_stomp
5591,elder_titan_ancestral_spirit
5593,elder_titan_natural_order
5594,elder_titan_earth_splitter
5595,legion_commander_overwhelming_odds
5596,legion_commander_press_the_attack
5597,legion_commander_moment_of_courage
5598,legion_commander_duel
5599,techies_land_mines
5600,techies_stasis_trap
5601,techies_suicide_squad_attack
5602,techies_remote_mines
5635,techies_focused_detonate
5636,techies_remote_mines_self_detonate
5644,techies_minefield_sign
5603,ember_spirit_searing_chains
5604,ember_spirit_sleight_of_fist
5605,ember_spirit_flame_guard
5606,ember_spirit_fire_remnant
5607,ember_spirit_activate_fire_remnant
5608,earth_spirit_boulder_smash
5609,earth_spirit_rolling_boulder
5610,earth_spirit_geomagnetic_grip
5611,earth_spirit_stone_caller
5612,earth_spirit_magnetize
5613,abyssal_underlord_firestorm
5614,abyssal_underlord_pit_of_malice
5615,abyssal_underlord_atrophy_aura
5616,abyssal_underlord_dark_rift
5619,terrorblade_reflection
5620,terrorblade_conjure_image
5621,terrorblade_metamorphosis
5622,terrorblade_sunder
5623,phoenix_icarus_dive
5625,phoenix_fire_spirits
5626,phoenix_sun_ray
5630,phoenix_supernova
5632,drow_ranger_wave_of_silence
5643,broodmother_spin_web_destroy
5648,earth_spirit_petrify
5649,treant_eyes_in_the_forest
5580,beastmaster_call_of_the_wild_boar
5655,life_stealer_control
5637,oracle_fortunes_end
5638,oracle_fates_edict
5639,oracle_purifying_flames
5640,oracle_false_promise
5651,winter_wyvern_arctic_burn
5652,winter_wyvern_splinter_blast
5653,winter_wyvern_cold_embrace
5654,winter_wyvern_winters_curse
